threads,client_threads,workload,dist,throughput_ops_per_sec
1,8,ycsba,zipfian,1876882
1,16,ycsba,zipfian,2070416
1,32,ycsba,zipfian,2097809
1,64,ycsba,zipfian,2157558
1,80,ycsba,zipfian,2152875
1,96,ycsba,zipfian,2241380
1,112,ycsba,zipfian,2238158
1,128,ycsba,zipfian,2312272
1,144,ycsba,zipfian,2340132
1,160,ycsba,zipfian,2191638
2,8,ycsba,zipfian,2419395
2,16,ycsba,zipfian,3945709
2,32,ycsba,zipfian,4682164
2,64,ycsba,zipfian,4897740
2,80,ycsba,zipfian,5034341
2,96,ycsba,zipfian,4936358
2,112,ycsba,zipfian,5000771
2,128,ycsba,zipfian,5322615
2,144,ycsba,zipfian,5089594
2,160,ycsba,zipfian,5074116
3,8,ycsba,zipfian,2417229
3,16,ycsba,zipfian,4683326
3,32,ycsba,zipfian,7424458
3,64,ycsba,zipfian,7937361
3,80,ycsba,zipfian,7862118
3,96,ycsba,zipfian,8749422
3,112,ycsba,zipfian,8337642
3,128,ycsba,zipfian,8333380
3,144,ycsba,zipfian,8485635
3,160,ycsba,zipfian,8496327
1,8,ycsbb,zipfian,1926712
1,16,ycsbb,zipfian,2209028
1,32,ycsbb,zipfian,2260143
1,64,ycsbb,zipfian,2355116
1,80,ycsbb,zipfian,2266474
1,96,ycsbb,zipfian,2339189
1,112,ycsbb,zipfian,2461466
1,128,ycsbb,zipfian,2332773
1,144,ycsbb,zipfian,2542712
1,160,ycsbb,zipfian,2370259
1,8,ycsbc,zipfian,1928649
1,16,ycsbc,zipfian,2237287
1,32,ycsbc,zipfian,2294965
1,64,ycsbc,zipfian,2431535
1,80,ycsbc,zipfian,2397771
1,96,ycsbc,zipfian,2473279
1,112,ycsbc,zipfian,2402775
1,128,ycsbc,zipfian,2378132
1,144,ycsbc,zipfian,2415930
1,160,ycsbc,zipfian,2437423
2,8,ycsbb,zipfian,2425347
2,16,ycsbb,zipfian,3987567
2,32,ycsbb,zipfian,4938021
2,64,ycsbb,zipfian,5330527
2,80,ycsbb,zipfian,6509249
2,96,ycsbb,zipfian,5470173
2,112,ycsbb,zipfian,5553425
2,128,ycsbb,zipfian,5725413
2,144,ycsbb,zipfian,5677707
2,160,ycsbb,zipfian,5630987
2,8,ycsbc,zipfian,2409487
2,16,ycsbc,zipfian,3998139
2,32,ycsbc,zipfian,5009636
2,64,ycsbc,zipfian,5322868
2,80,ycsbc,zipfian,5427210
2,96,ycsbc,zipfian,5509010
2,112,ycsbc,zipfian,5483383
2,128,ycsbc,zipfian,5558507
2,144,ycsbc,zipfian,5662914
2,160,ycsbc,zipfian,5509247
3,8,ycsbb,zipfian,2475682
3,16,ycsbb,zipfian,4689680
3,32,ycsbb,zipfian,7820199
3,64,ycsbb,zipfian,9016911
3,80,ycsbb,zipfian,8838929
3,96,ycsbb,zipfian,9062086
3,112,ycsbb,zipfian,9406498
3,128,ycsbb,zipfian,9293177
3,144,ycsbb,zipfian,9274324
3,160,ycsbb,zipfian,9164705
3,8,ycsbc,zipfian,2466006
3,16,ycsbc,zipfian,4678437
3,32,ycsbc,zipfian,7862279
3,64,ycsbc,zipfian,8983537
3,80,ycsbc,zipfian,9127953
3,96,ycsbc,zipfian,9278449
3,112,ycsbc,zipfian,9312865
3,128,ycsbc,zipfian,9600594
3,144,ycsbc,zipfian,9270283
3,160,ycsbc,zipfian,9465222
4,8,ycsbb,zipfian,2469651
4,16,ycsbb,zipfian,4957966
4,32,ycsbb,zipfian,8839871
4,64,ycsbb,zipfian,11727127
4,80,ycsbb,zipfian,11856532
4,96,ycsbb,zipfian,14578666
4,112,ycsbb,zipfian,12235085
4,128,ycsbb,zipfian,12239717
4,144,ycsbb,zipfian,13003566
4,160,ycsbb,zipfian,12687248
4,8,ycsbc,zipfian,2465322
4,16,ycsbc,zipfian,4881826
4,32,ycsbc,zipfian,8936853
4,64,ycsbc,zipfian,12115616
4,80,ycsbc,zipfian,12030005
4,96,ycsbc,zipfian,12135973
4,112,ycsbc,zipfian,12417075
4,128,ycsbc,zipfian,12511680
4,144,ycsbc,zipfian,12540550
4,160,ycsbc,zipfian,12564545
5,8,ycsbb,zipfian,2457726
5,16,ycsbb,zipfian,5038813
5,32,ycsbb,zipfian,9242180
5,64,ycsbb,zipfian,12589999
5,80,ycsbb,zipfian,12692008
5,96,ycsbb,zipfian,12959232
5,112,ycsbb,zipfian,12940564
5,128,ycsbb,zipfian,13083156
5,144,ycsbb,zipfian,13079956
5,160,ycsbb,zipfian,13120066
5,8,ycsbc,zipfian,2436118
5,16,ycsbc,zipfian,5007228
5,32,ycsbc,zipfian,9075248
5,64,ycsbc,zipfian,12770435
5,80,ycsbc,zipfian,12863463
5,96,ycsbc,zipfian,13720669
5,112,ycsbc,zipfian,13045339
5,128,ycsbc,zipfian,13030448
5,144,ycsbc,zipfian,13244050
5,160,ycsbc,zipfian,13045174
6,8,ycsbb,zipfian,2399436
6,16,ycsbb,zipfian,5031746
6,32,ycsbb,zipfian,9542719
6,64,ycsbb,zipfian,12741016
6,80,ycsbb,zipfian,12702088
6,96,ycsbb,zipfian,13413701
6,112,ycsbb,zipfian,13487906
6,128,ycsbb,zipfian,13246056
6,144,ycsbb,zipfian,13122500
6,160,ycsbb,zipfian,13083286
6,8,ycsbc,zipfian,2436208
6,16,ycsbc,zipfian,5005277
6,32,ycsbc,zipfian,9525442
6,64,ycsbc,zipfian,13025408
6,80,ycsbc,zipfian,12975703
6,96,ycsbc,zipfian,12967951
6,112,ycsbc,zipfian,12962349
6,128,ycsbc,zipfian,13146717
6,144,ycsbc,zipfian,13115812
6,160,ycsbc,zipfian,13202597
7,8,ycsbb,zipfian,2461989
7,16,ycsbb,zipfian,5008411
7,32,ycsbb,zipfian,9728206
7,64,ycsbb,zipfian,12733678
7,80,ycsbb,zipfian,12918457
7,96,ycsbb,zipfian,13542595
7,112,ycsbb,zipfian,12991212
7,128,ycsbb,zipfian,13159390
7,144,ycsbb,zipfian,13047874
7,160,ycsbb,zipfian,15447297
7,8,ycsbc,zipfian,2425629
7,16,ycsbc,zipfian,5012599
7,32,ycsbc,zipfian,9867676
7,64,ycsbc,zipfian,12789421
7,80,ycsbc,zipfian,12895625
7,96,ycsbc,zipfian,12810845
7,112,ycsbc,zipfian,12780392
7,128,ycsbc,zipfian,12933018
7,144,ycsbc,zipfian,12900982
7,160,ycsbc,zipfian,12934656
8,8,ycsbb,zipfian,2466409
8,16,ycsbb,zipfian,5081030
8,32,ycsbb,zipfian,9890318
8,64,ycsbb,zipfian,12609645
8,80,ycsbb,zipfian,14551775
8,96,ycsbb,zipfian,12793399
8,112,ycsbb,zipfian,12881391
8,128,ycsbb,zipfian,13074875
8,144,ycsbb,zipfian,13049985
8,160,ycsbb,zipfian,13052148
8,8,ycsbc,zipfian,2435559
8,16,ycsbc,zipfian,5008740
8,32,ycsbc,zipfian,9926141
8,64,ycsbc,zipfian,12796025
8,80,ycsbc,zipfian,12933288
8,96,ycsbc,zipfian,13192140
8,112,ycsbc,zipfian,12959099
8,128,ycsbc,zipfian,13073103
8,144,ycsbc,zipfian,13089023
8,160,ycsbc,zipfian,12981421
1,8,ycsba,uniform,1831489
1,16,ycsba,uniform,2034215
1,32,ycsba,uniform,2072115
1,64,ycsba,uniform,2133750
1,80,ycsba,uniform,2129674
1,96,ycsba,uniform,1953296
1,112,ycsba,uniform,2170149
1,128,ycsba,uniform,2169977
1,144,ycsba,uniform,2153150
1,160,ycsba,uniform,2168710
1,8,ycsbb,uniform,1892267
1,16,ycsbb,uniform,2197169
1,32,ycsbb,uniform,2255519
1,64,ycsbb,uniform,2279532
1,80,ycsbb,uniform,2351520
1,96,ycsbb,uniform,2353120
1,112,ycsbb,uniform,2356020
1,128,ycsbb,uniform,2282310
1,144,ycsbb,uniform,2804010
1,160,ycsbb,uniform,3065509
1,8,ycsbc,uniform,1930477
1,16,ycsbc,uniform,2231056
1,32,ycsbc,uniform,2293333
1,64,ycsbc,uniform,2318484
1,80,ycsbc,uniform,2369099
1,96,ycsbc,uniform,2447646
1,112,ycsbc,uniform,2399528
1,128,ycsbc,uniform,2400597
1,144,ycsbc,uniform,2416106
1,160,ycsbc,uniform,2403630
2,8,ycsba,uniform,2394404
2,16,ycsba,uniform,3728798
2,32,ycsba,uniform,4583114
2,64,ycsba,uniform,4795307
2,80,ycsba,uniform,4981968
2,96,ycsba,uniform,4839200
2,112,ycsba,uniform,4931127
2,128,ycsba,uniform,4945703
2,144,ycsba,uniform,4717562
2,160,ycsba,uniform,4900442
2,8,ycsbb,uniform,2388417
2,16,ycsbb,uniform,3909302
2,32,ycsbb,uniform,4882122
2,64,ycsbb,uniform,5327299
2,80,ycsbb,uniform,5336887
2,96,ycsbb,uniform,5645374
2,112,ycsbb,uniform,6011570
2,128,ycsbb,uniform,5343929
2,144,ycsbb,uniform,5407192
2,160,ycsbb,uniform,5452587
2,8,ycsbc,uniform,2355712
2,16,ycsbc,uniform,3953631
2,32,ycsbc,uniform,4965683
2,64,ycsbc,uniform,5273923
2,80,ycsbc,uniform,5221787
2,96,ycsbc,uniform,5498812
2,112,ycsbc,uniform,5374346
2,128,ycsbc,uniform,5298944
2,144,ycsbc,uniform,5355047
2,160,ycsbc,uniform,5367554
3,8,ycsba,uniform,2428616
3,16,ycsba,uniform,4460201
3,32,ycsba,uniform,6721286
3,64,ycsba,uniform,7225438
3,80,ycsba,uniform,7527606
3,96,ycsba,uniform,7770773
3,112,ycsba,uniform,7811407
3,128,ycsba,uniform,7725011
3,144,ycsba,uniform,7546135
3,160,ycsba,uniform,7909411
3,8,ycsbb,uniform,2423326
3,16,ycsbb,uniform,4599627
3,32,ycsbb,uniform,7437546
3,64,ycsbb,uniform,8472552
3,80,ycsbb,uniform,8456705
3,96,ycsbb,uniform,8637265
3,112,ycsbb,uniform,8914563
3,128,ycsbb,uniform,11646357
3,144,ycsbb,uniform,9587931
3,160,ycsbb,uniform,8913151
3,8,ycsbc,uniform,2363670
3,16,ycsbc,uniform,4499945
3,32,ycsbc,uniform,7395875
3,64,ycsbc,uniform,8910579
3,80,ycsbc,uniform,8966698
3,96,ycsbc,uniform,8921653
3,112,ycsbc,uniform,9314681
3,128,ycsbc,uniform,9294948
3,144,ycsbc,uniform,12271870
3,160,ycsbc,uniform,9223384
4,8,ycsba,uniform,2454349
4,16,ycsba,uniform,4921996
4,32,ycsba,uniform,8150767
4,64,ycsba,uniform,9444092
4,80,ycsba,uniform,9864823
4,96,ycsba,uniform,9997591
4,112,ycsba,uniform,9779760
4,128,ycsba,uniform,9857958
4,144,ycsba,uniform,10187284
4,160,ycsba,uniform,11073155
4,8,ycsbb,uniform,2414792
4,16,ycsbb,uniform,4878276
4,32,ycsbb,uniform,8593586
4,64,ycsbb,uniform,10672705
4,80,ycsbb,uniform,11340928
4,96,ycsbb,uniform,11280806
4,112,ycsbb,uniform,12270021
4,128,ycsbb,uniform,11767617
4,144,ycsbb,uniform,12468334
4,160,ycsbb,uniform,11992539
4,8,ycsbc,uniform,2301804
4,16,ycsbc,uniform,4719867
4,32,ycsbc,uniform,8570232
4,64,ycsbc,uniform,11190454
4,80,ycsbc,uniform,11357029
4,96,ycsbc,uniform,11666714
4,112,ycsbc,uniform,12207022
4,128,ycsbc,uniform,11919036
4,144,ycsbc,uniform,12167153
4,160,ycsbc,uniform,14595330
5,8,ycsba,uniform,2443992
5,16,ycsba,uniform,4840416
5,32,ycsba,uniform,8729264
5,64,ycsba,uniform,11730129
5,80,ycsba,uniform,11315440
5,96,ycsba,uniform,12101623
5,112,ycsba,uniform,11440666
5,128,ycsba,uniform,12265812
5,144,ycsba,uniform,12367186
5,160,ycsba,uniform,12114105
5,8,ycsbb,uniform,2430629
5,16,ycsbb,uniform,4819063
5,32,ycsbb,uniform,8967241
5,64,ycsbb,uniform,12389863
5,80,ycsbb,uniform,13838902
5,96,ycsbb,uniform,12698840
5,112,ycsbb,uniform,13363466
5,128,ycsbb,uniform,13056295
5,144,ycsbb,uniform,13153185
5,160,ycsbb,uniform,13249054
5,8,ycsbc,uniform,2286282
5,16,ycsbc,uniform,4730130
5,32,ycsbc,uniform,8968205
5,64,ycsbc,uniform,12676766
5,80,ycsbc,uniform,12796195
5,96,ycsbc,uniform,12927278
5,112,ycsbc,uniform,12932315
5,128,ycsbc,uniform,12961534
5,144,ycsbc,uniform,13063108
5,160,ycsbc,uniform,13223530
6,8,ycsba,uniform,2462962
6,16,ycsba,uniform,4916629
6,32,ycsba,uniform,9308474
6,64,ycsba,uniform,12494247
6,80,ycsba,uniform,12766799
6,96,ycsba,uniform,13293448
6,112,ycsba,uniform,13640196
6,128,ycsba,uniform,12939987
6,144,ycsba,uniform,13203732
6,160,ycsba,uniform,15854204
6,8,ycsbb,uniform,2354046
6,16,ycsbb,uniform,5009033
6,32,ycsbb,uniform,9239907
6,64,ycsbb,uniform,12542704
6,80,ycsbb,uniform,12608429
6,96,ycsbb,uniform,13262861
6,112,ycsbb,uniform,12927935
6,128,ycsbb,uniform,12968851
6,144,ycsbb,uniform,14059792
6,160,ycsbb,uniform,13376514
6,8,ycsbc,uniform,2325755
6,16,ycsbc,uniform,4754839
6,32,ycsbc,uniform,9309334
6,64,ycsbc,uniform,12744456
6,80,ycsbc,uniform,12887676
6,96,ycsbc,uniform,13451926
6,112,ycsbc,uniform,12762615
6,128,ycsbc,uniform,13110887
6,144,ycsbc,uniform,13631392
6,160,ycsbc,uniform,13233115
7,8,ycsba,uniform,2458777
7,16,ycsba,uniform,4930354
7,32,ycsba,uniform,9433582
7,64,ycsba,uniform,13413788
7,80,ycsba,uniform,13218233
7,96,ycsba,uniform,13313997
7,112,ycsba,uniform,13963613
7,128,ycsba,uniform,13822733
7,144,ycsba,uniform,14544727
7,160,ycsba,uniform,13721127
7,8,ycsbb,uniform,2436575
7,16,ycsbb,uniform,4949044
7,32,ycsbb,uniform,9417555
7,64,ycsbb,uniform,12715759
7,80,ycsbb,uniform,12696092
7,96,ycsbb,uniform,12985118
7,112,ycsbb,uniform,12740049
7,128,ycsbb,uniform,13097523
7,144,ycsbb,uniform,12962315
7,160,ycsbb,uniform,13459073
7,8,ycsbc,uniform,2308526
7,16,ycsbc,uniform,4743307
7,32,ycsbc,uniform,9415087
7,64,ycsbc,uniform,12582909
7,80,ycsbc,uniform,12842981
7,96,ycsbc,uniform,12757706
7,112,ycsbc,uniform,12816005
7,128,ycsbc,uniform,13005211
7,144,ycsbc,uniform,13955659
7,160,ycsbc,uniform,13247501
8,8,ycsba,uniform,2467138
8,16,ycsba,uniform,5030267
8,32,ycsba,uniform,9710316
8,64,ycsba,uniform,12531276
8,80,ycsba,uniform,12838391
8,96,ycsba,uniform,13027152
8,112,ycsba,uniform,12957057
8,128,ycsba,uniform,13027118
8,144,ycsba,uniform,13126019
8,160,ycsba,uniform,13140211
8,8,ycsbb,uniform,2419833
8,16,ycsbb,uniform,4926884
8,32,ycsbb,uniform,9612900
8,64,ycsbb,uniform,12628715
8,80,ycsbb,uniform,12885735
8,96,ycsbb,uniform,13021964
8,112,ycsbb,uniform,15806532
8,128,ycsbb,uniform,13024583
8,144,ycsbb,uniform,13082921
8,160,ycsbb,uniform,13689796
8,8,ycsbc,uniform,2291731
8,16,ycsbc,uniform,4757472
8,32,ycsbc,uniform,9648040
8,64,ycsbc,uniform,13102483
8,80,ycsbc,uniform,13202657
8,96,ycsbc,uniform,12958526
8,112,ycsbc,uniform,13823330
8,128,ycsbc,uniform,13004372
8,144,ycsbc,uniform,13647439
8,160,ycsbc,uniform,12947452
4,8,ycsba,zipfian,2497125
4,16,ycsba,zipfian,4948144
4,32,ycsba,zipfian,8838914
4,64,ycsba,zipfian,10501578
4,80,ycsba,zipfian,10662692
4,96,ycsba,zipfian,13311058
4,112,ycsba,zipfian,11173788
4,128,ycsba,zipfian,10839607
4,144,ycsba,zipfian,10818995
4,160,ycsba,zipfian,10828306
5,8,ycsba,zipfian,2472154
5,16,ycsba,zipfian,5007729
5,32,ycsba,zipfian,9032180
5,64,ycsba,zipfian,11850348
5,80,ycsba,zipfian,12359956
5,96,ycsba,zipfian,12445035
5,112,ycsba,zipfian,12663949
5,128,ycsba,zipfian,13308376
5,144,ycsba,zipfian,12930889
5,160,ycsba,zipfian,12668510
6,8,ycsba,zipfian,2469987
6,16,ycsba,zipfian,5043330
6,32,ycsba,zipfian,9333011
6,64,ycsba,zipfian,12441514
6,80,ycsba,zipfian,12734068
6,96,ycsba,zipfian,13565369
6,112,ycsba,zipfian,13042879
6,128,ycsba,zipfian,12975332
6,144,ycsba,zipfian,13162012
6,160,ycsba,zipfian,13160271
7,8,ycsba,zipfian,2449890
7,16,ycsba,zipfian,5056387
7,32,ycsba,zipfian,9798732
7,64,ycsba,zipfian,12471488
7,80,ycsba,zipfian,13193453
7,96,ycsba,zipfian,12901921
7,112,ycsba,zipfian,12867702
7,128,ycsba,zipfian,13122015
7,144,ycsba,zipfian,13059996
7,160,ycsba,zipfian,13165354
8,8,ycsba,zipfian,2450617
8,16,ycsba,zipfian,5096338
8,32,ycsba,zipfian,9743184
8,64,ycsba,zipfian,12714164
8,80,ycsba,zipfian,12675271
8,96,ycsba,zipfian,12915448
8,112,ycsba,zipfian,12861214
8,128,ycsba,zipfian,12688874
8,144,ycsba,zipfian,13044959
8,160,ycsba,zipfian,13368005
